UsersID;Name;PhoneNumber;Email;BirthDate;AddressStreet;AddressCity;AddressCountry;Company;StartedWorking
1;Aquila Casey;(038309) 729605;enim@tincidunt.ca;Sep 7, 2017;318-6755 Sit St.;Macduff;Puerto Rico;Inceptos Hymenaeos Industries;Jul 8, 2016
2;Zephr Snyder;(0675) 24051915;eget.volutpat@auctor.co.uk;Jun 28, 2016;596-6068 Pellentesque. Ave;Creil;Lithuania;Sem Vitae Corporation;Feb 18, 2016
3;Tyrone Carney;(07028) 9910590;vel@acturpis.ca;Feb 23, 2017;607 Ac Av.;Orlando;Gabon;Odio Limited;Sep 6, 2017
4;Sawyer Tran;(036455) 257938;lobortis.tellus.justo@egetipsum.ca;Jul 13, 2016;P.O. Box 749, 577 Facilisis Avenue;Stony Plain;Thailand;Nibh Phasellus Nulla Associates;Aug 31, 2016
5;Elvis Holloway;(001) 15743036;aliquet@ipsum.com;Jul 15, 2016;3860 Ultricies Rd.;Gelsenkirchen;France;Risus A Institute;Nov 7, 2016
6;Chava Gray;(092) 26274879;in.cursus@vel.ca;Jun 14, 2017;675-4642 Cum Rd.;Sigillo;Bolivia;Iaculis Odio Nam PC;Jan 7, 2018
7;Fulton Durham;(00377) 9058654;egestas.rhoncus.Proin@semegestas.com;Feb 17, 2016;P.O. Box 111, 413 Lorem Ave;Wachtebeke;Bolivia;Nulla Associates;Jan 20, 2017
8;Mallory Franco;(027) 07861040;arcu@velitjustonec.com;Feb 11, 2016;344-5713 Vitae, Rd.;Vicoli;Bangladesh;Donec Dignissim Magna Institute;Mar 19, 2017
9;Hermione Kinney;(037488) 078718;Donec.egestas.Duis@Cras.edu;May 18, 2017;1932 Erat St.;Lebach;French Southern Territories;Enim PC;Jun 28, 2016
10;Darrel Matthews;(08818) 2578456;Morbi@purussapiengravida.net;Jan 2, 2018;P.O. Box 365, 2553 Arcu. Ave;Chełm;Aland Islands;Integer Inc.;May 11, 2016
11;Jakeem Berger;(0245) 05504081;sem@gravidasagittisDuis.net;Jul 27, 2016;Ap #486-5549 Luctus Rd.;Ayr;Tuvalu;Risus Nunc Ac LLP;Aug 15, 2016
12;Acton Bradford;(04686) 0113418;odio@Suspendissecommodo.com;Apr 22, 2016;P.O. Box 651, 7879 Morbi St.;Avennes;Tonga;Magna Nec LLC;Jun 27, 2017
13;Reese Mcmillan;(037654) 245564;fermentum.convallis@parturient.co.uk;Mar 20, 2017;P.O. Box 773, 151 Eu, Road;Whakatane;Saudi Arabia;Auctor Velit Aliquam Corporation;Feb 14, 2017
14;Sasha Short;(004) 34962467;et.malesuada.fames@semperpretium.com;Mar 6, 2016;Ap #995-6992 Semper Road;Ingooigem;Georgia;Elit Pellentesque Ltd;Nov 26, 2016
15;Desiree Parks;(089) 10519038;ipsum.Phasellus@Donecelementum.org;Nov 14, 2016;312-8551 Sodales Street;Nampa;Tunisia;Penatibus PC;Sep 27, 2016
16;Calista Yang;(031055) 402817;augue.ut@Nunclectuspede.net;Aug 28, 2017;P.O. Box 658, 6065 Nam Street;Lac Ste. Anne;Andorra;Et Nunc Quisque Ltd;Oct 2, 2017
17;Christen Mills;(000) 81530353;Nulla@facilisisSuspendissecommodo.ca;Apr 11, 2016;9398 Sed St.;Berwick;Mauritania;Vestibulum Accumsan Industries;Jun 30, 2017
18;Sybill Harvey;(069) 44966035;porttitor@vehicula.ca;Dec 5, 2016;5311 Cum Ave;Pugwash;British Indian Ocean Territory;Quis Associates;Jul 13, 2017
19;Mariam Chang;(063) 28228987;libero.Integer@doloregestas.edu;May 16, 2017;853-5004 Dolor. St.;Chapadinha;Svalbard and Jan Mayen Islands;Ut Ipsum Corporation;Mar 27, 2016
20;Alexandra Sharp;(067) 31937506;facilisis.lorem.tristique@nequeseddictum.org;Oct 13, 2017;Ap #193-3956 Eu, St.;Ukkel;Puerto Rico;Nec Tempus Consulting;Aug 11, 2016
21;Mariam King;(036796) 701972;pede.et@rutrumurnanec.org;Jan 3, 2017;576-9301 Et, Ave;Monte San Giovanni in Sabina;Uganda;Pede Corp.;Feb 19, 2017
22;Yael Ward;(0826) 59371530;Cum.sociis@hendrerita.net;Jun 18, 2017;Ap #125-5712 Eleifend Rd.;Kempten;Montserrat;Non Inc.;Nov 2, 2017
23;Hu Molina;(0076) 43847811;ac@Pellentesque.org;Sep 22, 2016;783-5343 Laoreet St.;Rignano Garganico;Botswana;Ligula Elit Corporation;Apr 13, 2016
24;Andrew Workman;(0384) 77211833;non@eleifendegestasSed.co.uk;May 21, 2016;7162 Lacus. St.;San Juan (San Juan de Tibás);Denmark;Donec LLC;Oct 5, 2017
25;Dorian Martinez;(01667) 8116989;malesuada@velitegestas.org;Oct 1, 2017;3546 Amet, Ave;Wimmertingen;San Marino;Dui Cum Sociis Inc.;Jan 25, 2016
26;Akeem Barber;(035634) 571923;Morbi.neque@Donecluctusaliquet.edu;Apr 19, 2016;P.O. Box 900, 3672 Et Avenue;Friedberg;Japan;Scelerisque Dui Inc.;Apr 11, 2016
27;Keegan Bray;(0170) 96427110;fermentum.vel.mauris@Namac.net;Dec 3, 2017;Ap #165-967 Auctor Rd.;Castelluccio Inferiore;Lesotho;Nullam Suscipit Consulting;Sep 22, 2017
28;Simon Mendez;(027) 05106028;hendrerit@odioPhasellusat.com;Jun 30, 2016;1593 Ipsum St.;Stralsund;Morocco;Vitae Nibh Corporation;Aug 4, 2016
29;Martena Spencer;(0408) 86228617;fermentum.metus@Integeraliquam.edu;Nov 1, 2017;P.O. Box 969, 1659 Lorem Ave;Stockholm;New Zealand;Tristique LLP;Jan 11, 2017
30;Rebecca Mayer;(039716) 301155;semper@pede.com;Sep 4, 2016;2975 Amet St.;North Bay;Taiwan;Pede Associates;Aug 20, 2016
31;Graham Mills;(030911) 556835;lacinia.Sed.congue@eusem.ca;Aug 3, 2017;P.O. Box 318, 4968 Nam Road;Zwickau;Guyana;Vulputate Ltd;Apr 28, 2017
32;Dillon Williams;(043) 09930215;consectetuer.rhoncus.Nullam@ametultricies.net;Dec 10, 2016;2991 Enim, St.;Sundrie;Barbados;Iaculis Corporation;Jun 26, 2016
33;Kadeem Meyer;(008) 12031067;ridiculus@etultricesposuere.ca;Oct 19, 2016;810-7279 Duis Rd.;Guelph;Aland Islands;Adipiscing Lacus Ut Foundation;Jun 15, 2017
34;Garrett Howe;(035458) 876084;pretium@nequeNullam.net;Mar 11, 2016;3664 Enim. Street;Rocky Mountain House;Belize;Sed Limited;Jan 13, 2018
35;Mechelle Leonard;(0292) 65277135;eget.metus.In@atsem.org;Jan 29, 2016;Ap #166-3288 Auctor Rd.;Polpenazze del Garda;France;Sodales Elit Limited;Jul 9, 2017
36;Phoebe Shaffer;(073) 00099173;aliquam.arcu.Aliquam@venenatislacus.co.uk;Nov 22, 2016;968 Velit Rd.;Midlands;Netherlands;Varius Inc.;Apr 4, 2017
37;Rinah Combs;(032073) 972330;egestas.Duis.ac@Proinvelnisl.com;Mar 22, 2017;1562 Sit Avenue;Finspang;Panama;Vel LLP;Sep 23, 2017
38;Robin Maddox;(0778) 65051163;ligula.Aenean.euismod@inconsequatenim.ca;Nov 19, 2016;820-5351 Nec St.;Corroy-le-Grand;Nepal;In Nec Orci Corp.;Jan 27, 2017
39;Linus Hoover;(036516) 875009;at@fermentumconvallis.com;Sep 6, 2017;221-3857 In St.;Impe;United States;Vel Nisl Foundation;Nov 6, 2016
40;Hillary Harper;(030872) 533532;Donec.vitae.erat@idante.co.uk;Jul 21, 2016;7760 Non St.;Zaanstad;Pitcairn Islands;Ullamcorper Velit LLP;Jan 28, 2016
41;Amy Mosley;(00144) 6726535;quam.Curabitur@eratSed.org;Jan 5, 2017;Ap #258-5110 Nisl Road;Fossato Serralta;Chile;Risus Industries;Jul 23, 2016
42;Skyler Dawson;(030978) 551408;vel@erat.com;Feb 13, 2017;515-7909 Lacus. Road;Saint-Rhémy-en-Bosses;Mali;Cursus LLP;Jan 8, 2018
43;Noah Ewing;(032566) 884042;Integer.urna@semper.co.uk;Jan 1, 2018;P.O. Box 817, 6680 Per Road;Dornbirn;Israel;Consequat Dolor Vitae Associates;Mar 20, 2017
44;Iola Bates;(030415) 652942;nibh@diameu.com;Jul 14, 2016;5368 Nunc Rd.;Pocatello;Saint Vincent and The Grenadines;Libero Dui LLC;Feb 13, 2016
45;Liberty Pierce;(052) 30227125;cursus@enim.net;Apr 16, 2017;623-8330 Aliquam Street;Elen;French Southern Territories;Metus In Limited;Jun 15, 2017
46;Kelsey Cline;(0290) 37624842;velit.in@cursusa.com;Sep 11, 2016;P.O. Box 832, 6631 Ac, St.;Grafton;Australia;Id Ante Corp.;Jun 3, 2017
47;Oprah Pope;(095) 27751044;eu.enim.Etiam@Aliquamgravidamauris.edu;Apr 30, 2016;P.O. Box 391, 7650 Lacinia St.;Bhiwandi;Lesotho;Diam Eu Institute;Aug 7, 2016
48;Jolie Mccullough;(030877) 116093;placerat.eget.venenatis@nectempus.net;Nov 16, 2016;P.O. Box 408, 5758 Nec Rd.;Guápiles;Poland;Cras Interdum Nunc LLP;Oct 23, 2016
49;Philip Cook;(031) 15766186;Aliquam.tincidunt@est.org;Nov 23, 2016;P.O. Box 868, 2522 Porttitor Ave;Pomarolo;Syria;Duis A Inc.;Jul 8, 2017
50;Phoebe Whitehead;(037666) 933737;dolor@necluctus.edu;May 30, 2016;7454 Et Rd.;Tiegem;Guyana;Auctor Institute;Apr 18, 2017
51;Helen Miranda;(0053) 62244071;sit.amet@mattisIntegereu.co.uk;Mar 12, 2017;P.O. Box 771, 2442 Metus. Avenue;Villafranca in Lunigiana;Gibraltar;Aenean Corp.;Oct 12, 2016
52;Lucas White;(099) 13815635;lacus@Integervulputate.ca;Jul 19, 2016;458-2687 Varius St.;Phoenix;Zambia;Sed Industries;Nov 10, 2016
53;Aquila Byers;(09018) 4505319;sed.hendrerit@eueratsemper.com;Sep 1, 2016;7557 Ad Rd.;Purral;Brunei;Lorem Sit Amet Corporation;Nov 9, 2016
54;Devin Harmon;(04200) 6586332;a.mi@ullamcorper.ca;Jul 4, 2017;770-2252 Ut Road;Lüneburg;Micronesia;Cursus In Institute;Aug 11, 2016
55;Sopoline Guerrero;(075) 66469978;Maecenas@ornarelectusjusto.edu;Oct 3, 2017;2004 Non, Ave;GŽrompont;Hungary;Sed Est Nunc LLC;May 8, 2017
56;Ivor Sharpe;(0087) 49935128;Pellentesque@adipiscinglobortis.org;Jul 5, 2016;P.O. Box 845, 1005 Nibh Ave;Castro;Albania;Feugiat Nec Corp.;Nov 27, 2017
57;Sawyer Roberson;(013) 34235548;rhoncus.id@quis.org;Jul 28, 2017;9520 Dui, Rd.;Yellowknife;Aruba;Nunc Limited;Sep 15, 2016
58;Gillian Ayala;(0967) 17698877;aliquet@etnetus.com;Aug 21, 2017;4400 Tortor St.;Dhuy;Chile;Elit Dictum Eu Foundation;Dec 21, 2016
59;Elizabeth Wallace;(066) 25280497;Etiam@milorem.org;Jan 31, 2016;6527 Justo Street;Oxford County;Uzbekistan;Ut Erat Sed Ltd;Jan 3, 2017
60;Gareth Nixon;(00750) 6873398;Etiam.imperdiet@maurisipsumporta.net;Jan 15, 2018;P.O. Box 566, 2555 Lobortis Av.;Trevignano Romano;Nicaragua;Aliquam Enim PC;Oct 7, 2017
61;Nevada Davidson;(0164) 57693499;sagittis.Nullam@fringillaeuismod.co.uk;May 12, 2017;117-5085 Condimentum. Street;Mont-Saint-Guibert;Viet Nam;Nec Tempus Scelerisque LLP;Jan 30, 2016
62;Stewart Anthony;(050) 05801660;Curabitur.sed@vulputate.edu;Jul 13, 2016;8555 Semper St.;Westport;Cayman Islands;Pellentesque Habitant Morbi Corp.;Jan 23, 2017
63;Keely Vang;(000) 23721230;pellentesque.tellus@Sed.com;Jun 12, 2016;9610 Fermentum St.;Villeneuve-d'Ascq;Maldives;Quis LLP;May 11, 2016
64;Brandon Owen;(0565) 44113280;accumsan.interdum.libero@elitNullafacilisi.net;Oct 18, 2017;P.O. Box 693, 6083 Ultrices Rd.;Schwalbach;Greenland;Dolor Tempus Associates;Nov 24, 2017
65;Kevyn Workman;(0522) 66518521;lacus@molestieSedid.com;Jul 24, 2016;9386 Pede Avenue;Gosselies;Djibouti;Velit LLP;Jul 22, 2017
66;Asher Cross;(03551) 9685415;congue.In.scelerisque@vestibulumloremsit.co.uk;Apr 27, 2017;9153 At, Rd.;North Barrackpur;Italy;Torquent Per Institute;Feb 1, 2016
67;Trevor Ferguson;(0037) 06630462;ut.eros.non@disparturientmontes.net;Apr 15, 2016;502-4103 Quisque Rd.;Santa Juana;Turks and Caicos Islands;Penatibus Et Magnis Incorporated;Jun 3, 2017
68;Madison Moran;(09068) 0997215;erat.vel@tinciduntaliquam.ca;Apr 2, 2017;Ap #750-2763 Id, Av.;Voitsberg;Botswana;A LLP;Oct 3, 2016
69;Marny Ford;(013) 44140442;sem.vitae@dictummi.org;Apr 12, 2017;478-7514 Sociosqu St.;Port Pirie;Montserrat;Ac Nulla In Ltd;Nov 15, 2017
70;Colorado Meyers;(04480) 8942358;pede.blandit.congue@duiFusce.co.uk;Jan 10, 2017;6293 Lorem Avenue;Creil;Yemen;Quis Turpis Vitae PC;Jun 14, 2016
71;Fulton Wagner;(037700) 220822;Aenean@lectusquis.com;Jun 13, 2017;509-7875 In, St.;Boncelles;Serbia;Lorem Ipsum Sodales Corporation;Jul 19, 2016
72;Candice Holland;(0838) 12946835;dui.quis@interdumenimnon.edu;Dec 30, 2017;Ap #837-3598 Erat Street;Forge-Philippe;Gibraltar;Varius LLC;Feb 25, 2016
73;Kyle Rich;(0988) 08564300;In@Nullamfeugiat.edu;Oct 3, 2017;Ap #348-8564 Massa. Street;Termes;Slovakia;A Ultricies Corp.;Apr 17, 2016
74;Lilah Bryant;(09747) 5568297;varius.ultrices.mauris@euismodurnaNullam.edu;May 21, 2016;Ap #782-6646 A, Ave;Cochrane;Vanuatu;Enim Corp.;Oct 4, 2017
75;Jeremy Howard;(07490) 7596735;justo@hendreritid.ca;Dec 17, 2017;Ap #447-6218 Dapibus St.;Lanark;Somalia;At Pede Limited;Nov 16, 2017
76;Rudyard Vinson;(057) 39464892;amet.faucibus@nec.ca;Nov 15, 2017;914-4788 Iaculis Ave;Sint-Denijs-Westrem;Denmark;Congue Elit LLC;Jun 23, 2016
77;Ciaran Velasquez;(03855) 8017841;dolor.Fusce.feugiat@eleifend.net;Oct 13, 2016;572-1172 Nunc Rd.;Shreveport;Virgin Islands, British;Diam Corporation;Jul 4, 2017
78;Rogan Hurst;(0967) 24347899;arcu.iaculis.enim@natoquepenatibus.org;Jun 19, 2016;Ap #978-3200 Elit St.;Polpenazze del Garda;Côte D'Ivoire (Ivory Coast);Condimentum Eget Foundation;Dec 1, 2016
79;Ginger Huffman;(01458) 1069900;Nullam.feugiat.placerat@Pellentesque.co.uk;May 21, 2016;473-7589 Consectetuer Av.;Şanliurfa;Zimbabwe;Dictum Incorporated;Oct 17, 2017
80;Kenneth Cleveland;(0155) 90235844;dui.nec@felisadipiscingfringilla.org;Sep 17, 2016;447-8533 Elit. Street;Belo Horizonte;Latvia;Suspendisse Limited;Oct 1, 2016
81;Selma Sanford;(04225) 4262766;erat.eget.ipsum@euelit.ca;Jun 17, 2016;Ap #406-3560 Sapien, Road;Iowa City;Tanzania;Libero Proin Mi LLC;May 6, 2017
82;Cailin Hubbard;(0069) 24491632;elementum.purus@eteuismodet.net;Sep 7, 2017;P.O. Box 162, 7359 Tincidunt Street;Chambave;United Kingdom (Great Britain);Sagittis Industries;Jan 6, 2018
83;Hilda Dale;(06695) 0492345;Aliquam.tincidunt.nunc@anteNuncmauris.org;Oct 24, 2016;Ap #581-8331 Montes, Road;Pinkafeld;Comoros;Ipsum Nunc Associates;Mar 25, 2016
84;Pamela Rodgers;(0882) 88292890;rutrum@placerat.co.uk;Apr 4, 2017;8718 Luctus Avenue;Lang;Algeria;Nibh Sit Amet Corp.;Jan 3, 2018
85;Gavin Goff;(00638) 3881470;vestibulum.lorem@ante.edu;Mar 10, 2017;977-708 Facilisis St.;Langen;Bhutan;In Lorem Donec Limited;Mar 2, 2017
86;Mollie Byers;(031021) 174565;hendrerit@eleifendnunc.net;Jun 16, 2016;Ap #676-3359 In Avenue;Friedrichshafen;United States;Nulla Semper Tellus Consulting;Jul 15, 2017
87;Griffith Sellers;(034229) 213354;Nulla.facilisis@sociisnatoquepenatibus.net;Oct 6, 2016;Ap #391-3455 Magna, Ave;Verrayes;Montenegro;Adipiscing Industries;Jan 15, 2017
88;Seth Lancaster;(06175) 8686928;dignissim@sedleo.co.uk;Feb 29, 2016;P.O. Box 794, 8962 Mi Ave;Grafton;Solomon Islands;Nibh Dolor Nonummy LLC;Mar 19, 2017
89;Tana Gill;(058) 66334857;eget@liberomauris.co.uk;Dec 16, 2017;Ap #416-3053 Lobortis Rd.;Petacciato;Chad;Vestibulum Massa Rutrum PC;May 14, 2016
90;Rana Mcclure;(08333) 8814414;sed.facilisis@mi.co.uk;May 12, 2016;P.O. Box 212, 5467 Malesuada St.;Beawar;New Zealand;Hendrerit Corporation;Sep 15, 2016
91;Hadassah Hardy;(00155) 1861982;turpis@tinciduntcongueturpis.ca;Sep 2, 2017;Ap #359-9041 Elit. Road;Nocciano;Sint Maarten;Cursus LLP;Apr 20, 2017
92;Ivy Barker;(035046) 293433;morbi.tristique@dapibusgravidaAliquam.org;Sep 9, 2016;P.O. Box 772, 4710 Vivamus Av.;Dipignano;Uganda;Iaculis Odio Nam Corp.;Jun 7, 2017
93;Barrett Pickett;(04588) 2004756;tincidunt.nibh@facilisis.com;Feb 24, 2017;8133 Odio St.;Habay-la-Neuve;Sudan;Nunc Ullamcorper Velit Limited;Aug 23, 2016
94;Lyle Boyer;(037491) 124747;facilisis.eget@orciPhasellusdapibus.edu;Feb 25, 2017;P.O. Box 503, 8003 Eu Street;Waitara;Moldova;Class Aptent LLP;Nov 30, 2016
95;Hedwig Burnett;(0587) 42548638;Suspendisse.tristique@adipiscing.co.uk;Jun 5, 2016;2366 At Rd.;Cochrane;Guyana;Ac Nulla Ltd;Apr 9, 2017
96;Lenore Dalton;(0231) 70674602;eu.eros@ut.ca;Jul 1, 2017;P.O. Box 734, 9256 Id Avenue;Villers-lez-Heest;Wallis and Futuna;Eget Corporation;Jan 18, 2017
97;Prescott Hart;(034187) 913437;interdum@Duis.com;Jul 9, 2017;662-6973 Nullam Avenue;Gespeg;Colombia;Parturient LLC;Apr 8, 2017
98;Hiroko Dennis;(0752) 95525180;odio.a.purus@fermentumconvallis.edu;Apr 10, 2017;P.O. Box 575, 381 Augue Av.;Okara;Ireland;Tellus Suspendisse Sed Inc.;Nov 10, 2016
99;Phoebe Galloway;(099) 83654438;tempor@laciniaSedcongue.net;Jun 21, 2017;519-1635 Tincidunt, Ave;Saint-Urbain;Armenia;Tempus Mauris Foundation;Dec 2, 2017
100;Bernard Holmes;(0251) 22428555;Integer@ipsum.co.uk;Jun 12, 2016;P.O. Box 281, 8456 Natoque Ave;Vollezele;Andorra;Ante Vivamus Company;Nov 22, 2017
